"id","tags"
"0","FICTION"
"1","FICTION NOVEL HISTORICAL-NOVEL"
"2","FICTION NOVEL"
"3","HISTORICAL-FICTION HISTORICAL-NOVEL"
"4","SPECULATIVE-FICTION FICTION NOVEL"
"5","FICTION NOVEL"
"6","SPECULATIVE-FICTION FICTION NOVEL HISTORICAL-NOVEL"
"7","SCIENCE-FICTION SPECULATIVE-FICTION FANTASY"
"8","SCIENCE-FICTION SPECULATIVE-FICTION NOVEL"
"9","SCIENCE-FICTION FICTION NOVEL"
"10","SCIENCE-FICTION ALTERNATE-HISTORY"
"11","SPECULATIVE-FICTION FICTION NOVEL"
"12","SPECULATIVE-FICTION FICTION NOVEL"
"13","SCIENCE-FICTION SPECULATIVE-FICTION"
"14","FICTION NOVEL"
"15","FICTION NOVEL"
"16","SPECULATIVE-FICTION FICTION FANTASY CHILDREN'S-LITERATURE"
"17","SCIENCE-FICTION SPECULATIVE-FICTION"
"18","SCIENCE-FICTION SPECULATIVE-FICTION FANTASY"
"19","SPECULATIVE-FICTION FANTASY"
"20","SCIENCE-FICTION SPECULATIVE-FICTION CHILDREN'S-LITERATURE"
"21","SCIENCE-FICTION SPECULATIVE-FICTION"
"22","FICTION NOVEL"
"23","FICTION NOVEL"
"24","FICTION NOVEL HISTORICAL-NOVEL"
"25","FICTION NOVEL MYSTERY"
"26","FICTION NOVEL ROMANCE-NOVEL"
"27","FICTION NOVEL"
"28","SPECULATIVE-FICTION FICTION NOVEL"
"29","FICTION THRILLER"
"30","SCIENCE-FICTION SPECULATIVE-FICTION"
"31","SPECULATIVE-FICTION FANTASY CHILDREN'S-LITERATURE"
"32","FICTION MYSTERY SUSPENSE THRILLER CRIME-FICTION"
"33","SPECULATIVE-FICTION FANTASY CHILDREN'S-LITERATURE"
"34","FICTION CHILDREN'S-LITERATURE MYSTERY CRIME-FICTION"
"35","FICTION NOVEL"
"36","NOVEL HISTORICAL-NOVEL"
"37","SCIENCE-FICTION SPECULATIVE-FICTION"
"38","FICTION MYSTERY SUSPENSE CRIME-FICTION"
"39","SCIENCE-FICTION SPECULATIVE-FICTION FANTASY"
"40","AUTOBIOGRAPHY NON-FICTION"
"41","SPECULATIVE-FICTION FICTION NOVEL CHILDREN'S-LITERATURE"
"42","SCIENCE-FICTION NOVEL"
"43","FICTION NOVEL"
"44","FICTION NOVEL MYSTERY SUSPENSE CRIME-FICTION"
"45","FICTION CHILDREN'S-LITERATURE YOUNG-ADULT-LITERATURE"
"46","SPECULATIVE-FICTION ADVENTURE-NOVEL NON-FICTION"
"47","FICTION NOVEL HISTORICAL-NOVEL"
"48","SCIENCE-FICTION SPECULATIVE-FICTION FICTION FANTASY"
"49","FICTION CHILDREN'S-LITERATURE"
"50","FICTION NOVEL"
"51","FICTION MYSTERY SUSPENSE THRILLER"
"52","FICTION NOVEL"
"53","SPECULATIVE-FICTION FANTASY"
"54","FICTION NOVEL"
"55","SCIENCE-FICTION SPECULATIVE-FICTION"
"56","SPECULATIVE-FICTION FICTION FANTASY CHILDREN'S-LITERATURE"
"57","SPECULATIVE-FICTION FICTION FANTASY CHILDREN'S-LITERATURE"
"58","FICTION NOVEL YOUNG-ADULT-LITERATURE"
"59","SCIENCE-FICTION SPECULATIVE-FICTION FICTION NOVEL FANTASY"
"60","FICTION NOVEL HISTORICAL-FICTION HISTORICAL-NOVEL"
"61","FICTION MYSTERY CRIME-FICTION"
"62","FICTION NOVEL CHILDREN'S-LITERATURE COMEDY"
"63","SPECULATIVE-FICTION FICTION CHILDREN'S-LITERATURE"
"64","SCIENCE-FICTION SPECULATIVE-FICTION FICTION"
"65","FICTION MYSTERY SUSPENSE"
"66","SPECULATIVE-FICTION FANTASY"
"67","SPECULATIVE-FICTION FICTION NOVEL"
"68","SCIENCE-FICTION SPECULATIVE-FICTION FICTION"
"69","FICTION NOVEL"
"70","FICTION CHILDREN'S-LITERATURE"
"71","SCIENCE-FICTION SPECULATIVE-FICTION FICTION NOVEL"
"72","FICTION MYSTERY SUSPENSE"
"73","FICTION NOVEL"
"74","FICTION NOVEL"
"75","FICTION NOVEL"
"76","SCIENCE-FICTION SPECULATIVE-FICTION"
"77","SPECULATIVE-FICTION FICTION NOVEL CHILDREN'S-LITERATURE YOUNG-ADULT-LITERATURE"
"78","SCIENCE-FICTION SPECULATIVE-FICTION FANTASY"
"79","SCIENCE-FICTION SPECULATIVE-FICTION"
"80","FICTION NOVEL"
"81","SCIENCE-FICTION SPECULATIVE-FICTION"
"82","SCIENCE-FICTION SPECULATIVE-FICTION"
"83","FICTION NOVEL"
"84","SPECULATIVE-FICTION FICTION FANTASY"
"85","SCIENCE-FICTION SPECULATIVE-FICTION FICTION"
"86","FICTION NOVEL"
"87","FICTION NOVEL"
"88","FICTION NOVEL MYSTERY CRIME-FICTION"
"89","FICTION NOVEL HISTORY BIOGRAPHY NON-FICTION"
"90","FICTION NOVEL"
"91","SCIENCE-FICTION SPECULATIVE-FICTION"
"92","MYSTERY SUSPENSE DETECTIVE-FICTION CRIME-FICTION"
"93","FICTION NOVEL"
"94","FICTION NOVEL"
"95","FICTION NOVEL"
"96","FICTION NOVEL"
"97","FICTION NOVEL YOUNG-ADULT-LITERATURE"
"98","SCIENCE-FICTION SPECULATIVE-FICTION NOVEL"
"99","SCIENCE-FICTION SPECULATIVE-FICTION"
"100","FICTION MYSTERY SUSPENSE SPY-FICTION THRILLER"
"101","NOVEL"
"102","NOVEL HISTORICAL-NOVEL"
"103","SPECULATIVE-FICTION CHILDREN'S-LITERATURE"
"104","FICTION NOVEL"
"105","SCIENCE-FICTION NOVEL THRILLER"
"106","FICTION ADVENTURE-NOVEL SPY-FICTION THRILLER"
"107","NOVEL SPY-FICTION"
"108","FICTION MYSTERY SUSPENSE CRIME-FICTION"
"109","SCIENCE-FICTION SPECULATIVE-FICTION FICTION NOVEL"
"110","SPECULATIVE-FICTION FICTION FANTASY HORROR"
"111","SPECULATIVE-FICTION NOVEL"
"112","SPECULATIVE-FICTION FICTION NOVEL"
"113","SPECULATIVE-FICTION FANTASY CHILDREN'S-LITERATURE YOUNG-ADULT-LITERATURE"
"114","FICTION NOVEL CHILDREN'S-LITERATURE"
"115","SCIENCE-FICTION SPECULATIVE-FICTION"
"116","FICTION NOVEL"
"117","FICTION NOVEL"
"118","FICTION NOVEL ROMANCE-NOVEL"
"119","SCIENCE-FICTION SPECULATIVE-FICTION"
"120","FICTION NOVEL"
"121","SPECULATIVE-FICTION FICTION NOVEL"
"122","FICTION MYSTERY CRIME-FICTION"
"123","SCIENCE-FICTION SPECULATIVE-FICTION NON-FICTION"
"124","SCIENCE-FICTION SPECULATIVE-FICTION NOVEL"
"125","SCIENCE-FICTION SPECULATIVE-FICTION"
"126","SCIENCE-FICTION SPECULATIVE-FICTION SPY-FICTION THRILLER"
"127","FICTION NOVEL"
"128","FICTION NOVEL HISTORICAL-FICTION HISTORICAL-NOVEL"
"129","SPECULATIVE-FICTION FICTION NOVEL MYSTERY HORROR"
"130","SCIENCE-FICTION SPECULATIVE-FICTION FICTION"
"131","SCIENCE-FICTION FICTION SPY-FICTION THRILLER"
"132","FICTION CHILDREN'S-LITERATURE"
"133","FICTION NOVEL MYSTERY THRILLER CRIME-FICTION"
"134","FICTION NOVEL"
"135","SCIENCE-FICTION SPECULATIVE-FICTION FICTION"
"136","FICTION CHILDREN'S-LITERATURE YOUNG-ADULT-LITERATURE"
"137","CHILDREN'S-LITERATURE"
"138","SPECULATIVE-FICTION FICTION NOVEL FANTASY"
"139","FICTION NOVEL HISTORICAL-FICTION ROMANCE-NOVEL HISTORICAL-NOVEL"
"140","FICTION NOVEL MYSTERY SUSPENSE CRIME-FICTION"
"141","FICTION SPY-FICTION THRILLER CRIME-FICTION"
"142","FICTION NOVEL"
"143","SPECULATIVE-FICTION FICTION FANTASY CHILDREN'S-LITERATURE"
"144","FICTION NOVEL MYSTERY"
"145","FICTION NOVEL"
"146","SPECULATIVE-FICTION FICTION NOVEL"
"147","FICTION CHILDREN'S-LITERATURE"
"148","SPECULATIVE-FICTION FANTASY"
"149","SPECULATIVE-FICTION FANTASY"
"150","FICTION NOVEL"
"151","FICTION NOVEL"
"152","SPECULATIVE-FICTION FICTION NOVEL FANTASY CHILDREN'S-LITERATURE"
"153","FICTION NOVEL HISTORICAL-FICTION HISTORICAL-NOVEL"
"154","SPECULATIVE-FICTION FANTASY"
"155","SPECULATIVE-FICTION FICTION MYSTERY HORROR"
"156","SPECULATIVE-FICTION FANTASY"
"157","FICTION NOVEL HISTORICAL-NOVEL"
"158","FICTION NOVEL"
"159","SCIENCE-FICTION SPECULATIVE-FICTION NON-FICTION"
"160","FICTION MYSTERY SUSPENSE CRIME-FICTION"
"161","FICTION THRILLER CRIME-FICTION"
"162","FICTION MYSTERY THRILLER HISTORICAL-NOVEL"
"163","CHILDREN'S-LITERATURE MYSTERY DETECTIVE-FICTION"
"164","MYSTERY DETECTIVE-FICTION"
"165","FICTION CHILDREN'S-LITERATURE MYSTERY DETECTIVE-FICTION"
"166","CHILDREN'S-LITERATURE MYSTERY DETECTIVE-FICTION"
"167","FICTION NOVEL"
"168","FICTION NOVEL HISTORICAL-NOVEL"
"169","FICTION MYSTERY SUSPENSE CRIME-FICTION"
"170","FICTION NOVEL"
"171","SPECULATIVE-FICTION NOVEL"
"172","SPECULATIVE-FICTION FICTION MYSTERY"
"173","FICTION NOVEL HISTORICAL-NOVEL"
"174","SCIENCE-FICTION SPECULATIVE-FICTION FICTION"
"175","SPECULATIVE-FICTION FICTION MYSTERY SUSPENSE CRIME-FICTION"
"176","SCIENCE-FICTION SPECULATIVE-FICTION FICTION"
"177","FICTION NOVEL MYSTERY CRIME-FICTION"
"178","SPECULATIVE-FICTION FANTASY CHILDREN'S-LITERATURE"
"179","FICTION MYSTERY CRIME-FICTION"
"180","SPECULATIVE-FICTION FICTION FANTASY CHILDREN'S-LITERATURE"
"181","FICTION NOVEL MYSTERY"
"182","FICTION NOVEL THRILLER HISTORICAL-NOVEL"
"183","SCIENCE-FICTION SPECULATIVE-FICTION"
"184","SPECULATIVE-FICTION FANTASY"
"185","SCIENCE-FICTION SPECULATIVE-FICTION FICTION NOVEL"
"186","SPECULATIVE-FICTION FANTASY"
"187","SCIENCE-FICTION SPECULATIVE-FICTION"
"188","FICTION NOVEL"
"189","SCIENCE-FICTION SPECULATIVE-FICTION"
"190","SCIENCE-FICTION SPECULATIVE-FICTION FICTION"
"191","CHILDREN'S-LITERATURE"
"192","SCIENCE-FICTION SPECULATIVE-FICTION FICTION NOVEL CHILDREN'S-LITERATURE"
"193","FICTION NOVEL"
"194","SPECULATIVE-FICTION FANTASY"
"195","SCIENCE-FICTION SPECULATIVE-FICTION"
"196","FICTION NOVEL"
"197","FICTION MYSTERY SUSPENSE"
"198","SPECULATIVE-FICTION FANTASY CHILDREN'S-LITERATURE"
"199","SPECULATIVE-FICTION FANTASY"
"200","SCIENCE-FICTION SPECULATIVE-FICTION"
"201","SCIENCE-FICTION SPECULATIVE-FICTION CHILDREN'S-LITERATURE"
"202","SCIENCE-FICTION SPECULATIVE-FICTION FICTION CHILDREN'S-LITERATURE"
"203","SCIENCE-FICTION SPECULATIVE-FICTION CHILDREN'S-LITERATURE"
"204","SCIENCE-FICTION SPECULATIVE-FICTION CHILDREN'S-LITERATURE"
"205","FICTION NOVEL"
"206","SPECULATIVE-FICTION FICTION NOVEL"
"207","FICTION NOVEL HISTORICAL-FICTION ROMANCE-NOVEL HISTORICAL-NOVEL"
"208","SPECULATIVE-FICTION FICTION NOVEL"
"209","SCIENCE-FICTION SPECULATIVE-FICTION"
"210","SPECULATIVE-FICTION FICTION NOVEL FANTASY"
"211","FICTION NOVEL MYSTERY"
"212","FICTION NOVEL HISTORICAL-NOVEL"
"213","FICTION NOVEL CHILDREN'S-LITERATURE"
"214","FICTION NOVEL HISTORICAL-FICTION ROMANCE-NOVEL"
"215","SPECULATIVE-FICTION FICTION NOVEL"
"216","FICTION NOVEL ROMANCE-NOVEL"
"217","SCIENCE-FICTION SPECULATIVE-FICTION"
"218","FICTION MYSTERY SUSPENSE CRIME-FICTION"
"219","FICTION CHILDREN'S-LITERATURE HISTORICAL-NOVEL YOUNG-ADULT-LITERATURE"
"220","NOVEL"
"221","FICTION MYSTERY SUSPENSE"
"222","FICTION MYSTERY CRIME-FICTION"
"223","SCIENCE-FICTION SPECULATIVE-FICTION FICTION NOVEL HISTORICAL-NOVEL"
"224","FICTION NOVEL"
"225","SPECULATIVE-FICTION FICTION NOVEL"
"226","SCIENCE-FICTION SPECULATIVE-FICTION"
"227","SCIENCE-FICTION SPECULATIVE-FICTION FICTION"
"228","SPECULATIVE-FICTION FANTASY"
"229","SCIENCE-FICTION SPECULATIVE-FICTION"
"230","FICTION NOVEL THRILLER"
"231","SPECULATIVE-FICTION FANTASY CHILDREN'S-LITERATURE"
"232","FICTION NOVEL"
"233","SCIENCE-FICTION SPECULATIVE-FICTION FICTION THRILLER"
"234","SCIENCE-FICTION SPECULATIVE-FICTION"
"235","SCIENCE-FICTION SPECULATIVE-FICTION FICTION NOVEL"
"236","FICTION NOVEL MYSTERY CRIME-FICTION"
"237","SCIENCE-FICTION SPECULATIVE-FICTION FICTION NOVEL"
"238","FICTION NOVEL CHILDREN'S-LITERATURE"
"239","FICTION MYSTERY SUSPENSE CRIME-FICTION"
"240","FICTION NOVEL"
"241","FICTION NOVEL CHILDREN'S-LITERATURE YOUNG-ADULT-LITERATURE"
"242","FICTION NOVEL HISTORICAL-NOVEL"
"243","FICTION NOVEL"
"244","SPECULATIVE-FICTION FICTION FANTASY CHILDREN'S-LITERATURE"
"245","SCIENCE-FICTION FICTION NOVEL SPY-FICTION THRILLER"
"246","SCIENCE-FICTION SPECULATIVE-FICTION"
"247","SPECULATIVE-FICTION FICTION NOVEL"
"248","FICTION NOVEL MYSTERY"
"249","FICTION NOVEL"
"250","FICTION NOVEL MYSTERY SUSPENSE CRIME-FICTION"
"251","SPECULATIVE-FICTION FICTION NOVEL"
"252","FICTION NOVEL WAR-NOVEL NON-FICTION"
"253","FICTION NOVEL MYSTERY THRILLER CRIME-FICTION"
"254","SCIENCE-FICTION SPECULATIVE-FICTION"
"255","FICTION NON-FICTION"
"256","FICTION CHILDREN'S-LITERATURE MYSTERY DETECTIVE-FICTION"
"257","FICTION NOVEL MYSTERY"
"258","SCIENCE-FICTION SPECULATIVE-FICTION"
"259","NOVEL"
"260","NOVEL AUTOBIOGRAPHY"
"261","SCIENCE-FICTION SPECULATIVE-FICTION FICTION NOVEL"
"262","FICTION NOVEL NON-FICTION"
"263","SPECULATIVE-FICTION FANTASY CHILDREN'S-LITERATURE"
"264","SCIENCE-FICTION SPECULATIVE-FICTION"
"265","SPECULATIVE-FICTION FICTION HISTORICAL-NOVEL"
"266","FICTION NOVEL THRILLER"
"267","FICTION NOVEL"
"268","FICTION NOVEL"
"269","FICTION NOVEL ROMANCE-NOVEL"
"270","FICTION NOVEL"
"271","HISTORICAL-NOVEL"
"272","FICTION NOVEL"
"273","FICTION NOVEL"
"274","SPECULATIVE-FICTION HISTORICAL-FICTION HISTORICAL-NOVEL"
"275","SCIENCE-FICTION SPECULATIVE-FICTION"
"276","SPECULATIVE-FICTION FICTION NOVEL FANTASY CHILDREN'S-LITERATURE"
"277","FICTION MYSTERY SUSPENSE CRIME-FICTION"
"278","FICTION NOVEL"
"279","NOVEL CHILDREN'S-LITERATURE NON-FICTION YOUNG-ADULT-LITERATURE"
"280","NOVEL AUTOBIOGRAPHY BIOGRAPHY NON-FICTION"
"281","SPECULATIVE-FICTION NOVEL FANTASY HISTORICAL-NOVEL"
"282","SCIENCE-FICTION SPECULATIVE-FICTION"
"283","HISTORICAL-NOVEL"
"284","FICTION NOVEL CHILDREN'S-LITERATURE YOUNG-ADULT-LITERATURE"
"285","FICTION NOVEL HISTORICAL-NOVEL"
"286","SPECULATIVE-FICTION FANTASY"
"287","FICTION MYSTERY CRIME-FICTION"
"288","SCIENCE-FICTION SPECULATIVE-FICTION FICTION CHILDREN'S-LITERATURE HORROR"
"289","SPECULATIVE-FICTION FICTION HORROR"
"290","SCIENCE-FICTION SPECULATIVE-FICTION FICTION CHILDREN'S-LITERATURE HORROR"
"291","SPECULATIVE-FICTION FANTASY"
"292","SCIENCE-FICTION SPECULATIVE-FICTION FICTION CHILDREN'S-LITERATURE HORROR"
"293","FICTION NOVEL"
"294","FICTION NOVEL CHILDREN'S-LITERATURE YOUNG-ADULT-LITERATURE"
"295","CHILDREN'S-LITERATURE YOUNG-ADULT-LITERATURE"
"296","FICTION AUTOBIOGRAPHY BIOGRAPHY MEMOIR NON-FICTION"
"297","FICTION NOVEL"
"298","SPECULATIVE-FICTION FANTASY"
"299","SCIENCE-FICTION SPECULATIVE-FICTION FICTION CHILDREN'S-LITERATURE HORROR"
"300","FICTION NOVEL HISTORICAL-NOVEL"
"301","SPECULATIVE-FICTION FICTION HISTORICAL-FICTION HISTORICAL-NOVEL"
"302","CHILDREN'S-LITERATURE YOUNG-ADULT-LITERATURE"
"303","FICTION NOVEL"
"304","FICTION MYSTERY SUSPENSE CRIME-FICTION"
"305","SCIENCE-FICTION FICTION NOVEL HISTORICAL-FICTION THRILLER ALTERNATE-HISTORY"
"306","FICTION MYSTERY SUSPENSE"
"307","FICTION CHILDREN'S-LITERATURE YOUNG-ADULT-LITERATURE"
"308","FICTION MYSTERY SUSPENSE CRIME-FICTION"
"309","FICTION NOVEL HISTORICAL-NOVEL"
"310","SCIENCE-FICTION SPECULATIVE-FICTION"
"311","SPECULATIVE-FICTION FICTION HISTORICAL-NOVEL"
"312","FICTION NOVEL"
"313","FICTION NOVEL"
"314","SPECULATIVE-FICTION FICTION FANTASY CHILDREN'S-LITERATURE"
"315","FICTION NOVEL"
"316","SPECULATIVE-FICTION FANTASY CHILDREN'S-LITERATURE"
"317","SPECULATIVE-FICTION FICTION FANTASY CHILDREN'S-LITERATURE"
"318","FICTION MYSTERY SUSPENSE DETECTIVE-FICTION CRIME-FICTION"
"319","SPECULATIVE-FICTION FICTION FANTASY CHILDREN'S-LITERATURE HORROR"
"320","SCIENCE-FICTION SPECULATIVE-FICTION FICTION HORROR"
"321","SPECULATIVE-FICTION FICTION FANTASY MYSTERY"
"322","SCIENCE-FICTION SPECULATIVE-FICTION FICTION FANTASY HORROR"
"323","SPECULATIVE-FICTION FICTION MYSTERY SUSPENSE HORROR CRIME-FICTION"
"324","FICTION MYSTERY SUSPENSE CRIME-FICTION"
"325","FICTION NOVEL"
"326","FICTION HISTORICAL-FICTION ROMANCE-NOVEL HISTORICAL-NOVEL"
"327","FICTION NOVEL HISTORICAL-NOVEL"
"328","FICTION NOVEL HISTORICAL-NOVEL"
"329","SPECULATIVE-FICTION FANTASY CHILDREN'S-LITERATURE"
"330","SPECULATIVE-FICTION FICTION NOVEL"
"331","SPECULATIVE-FICTION FICTION FANTASY"
"332","SPECULATIVE-FICTION FANTASY CHILDREN'S-LITERATURE"
"333","SPECULATIVE-FICTION FICTION FANTASY CHILDREN'S-LITERATURE"
"334","SPECULATIVE-FICTION FICTION FANTASY"
"335","SPECULATIVE-FICTION FICTION FANTASY CHILDREN'S-LITERATURE HISTORICAL-NOVEL"
"336","NOVEL"
"337","FICTION NOVEL CHILDREN'S-LITERATURE YOUNG-ADULT-LITERATURE"
"338","SPECULATIVE-FICTION FICTION NOVEL"
"339","FICTION NOVEL"
"340","SCIENCE-FICTION SPECULATIVE-FICTION"
"341","SCIENCE-FICTION SPECULATIVE-FICTION FICTION NOVEL"
"342","FICTION NOVEL"
"343","NOVEL CHILDREN'S-LITERATURE"
"344","SCIENCE-FICTION SPECULATIVE-FICTION"
"345","SCIENCE-FICTION SPECULATIVE-FICTION FANTASY"
"346","SPECULATIVE-FICTION FANTASY CHILDREN'S-LITERATURE"
"347","SPECULATIVE-FICTION FANTASY"
"348","SCIENCE-FICTION SPECULATIVE-FICTION FICTION FANTASY"
"349","SCIENCE-FICTION SPECULATIVE-FICTION"
"350","SCIENCE-FICTION SPECULATIVE-FICTION FANTASY"
"351","SPECULATIVE-FICTION FICTION CHILDREN'S-LITERATURE YOUNG-ADULT-LITERATURE"
"352","SCIENCE-FICTION SPECULATIVE-FICTION"
"353","HISTORICAL-NOVEL NON-FICTION ALTERNATE-HISTORY"
"354","SCIENCE-FICTION SPECULATIVE-FICTION FICTION FANTASY HORROR"
"355","SCIENCE-FICTION SPECULATIVE-FICTION FANTASY"
"356","SPECULATIVE-FICTION FICTION FANTASY CHILDREN'S-LITERATURE"
"357","SCIENCE-FICTION SPECULATIVE-FICTION FICTION NOVEL"
"358","SPECULATIVE-FICTION FICTION NOVEL"
"359","SCIENCE-FICTION SPECULATIVE-FICTION"
"360","CHILDREN'S-LITERATURE"
"361","CHILDREN'S-LITERATURE"
"362","FICTION MYSTERY SUSPENSE CRIME-FICTION"
"363","SCIENCE-FICTION SPECULATIVE-FICTION FICTION NOVEL YOUNG-ADULT-LITERATURE"
"364","SPECULATIVE-FICTION FANTASY"
"365","SCIENCE-FICTION SPECULATIVE-FICTION"
"366","FICTION NOVEL"
"367","FICTION CHILDREN'S-LITERATURE MYSTERY DETECTIVE-FICTION"
"368","SCIENCE-FICTION SPECULATIVE-FICTION"
"369","SCIENCE-FICTION SPECULATIVE-FICTION FANTASY"
"370","FICTION NOVEL"
"371","FICTION NOVEL ROMANCE-NOVEL"
"372","SCIENCE-FICTION SPECULATIVE-FICTION FICTION NOVEL"
"373","SCIENCE-FICTION SPECULATIVE-FICTION CHILDREN'S-LITERATURE"
"374","SCIENCE-FICTION SPECULATIVE-FICTION FANTASY"
"375","SPECULATIVE-FICTION FANTASY CHILDREN'S-LITERATURE"
"376","FICTION CHILDREN'S-LITERATURE"
"377","FICTION NOVEL HISTORICAL-FICTION HISTORICAL-NOVEL"
"378","SPECULATIVE-FICTION FICTION FANTASY"
"379","SCIENCE-FICTION SPECULATIVE-FICTION CHILDREN'S-LITERATURE"
"380","SPECULATIVE-FICTION FICTION FANTASY"
"381","SCIENCE-FICTION SPECULATIVE-FICTION"
"382","SCIENCE-FICTION SPECULATIVE-FICTION FICTION"
"383","SCIENCE-FICTION SPECULATIVE-FICTION FICTION FANTASY HORROR"
"384","FICTION CHILDREN'S-LITERATURE"
"385","SCIENCE-FICTION SPECULATIVE-FICTION"
"386","SCIENCE-FICTION SPECULATIVE-FICTION"
"387","FICTION MYSTERY SUSPENSE CRIME-FICTION"
"388","FICTION NOVEL"
"389","FICTION MYSTERY SUSPENSE CRIME-FICTION"
"390","FICTION NOVEL MYSTERY SUSPENSE"
"391","FICTION NOVEL"
"392","FICTION NOVEL CHILDREN'S-LITERATURE YOUNG-ADULT-LITERATURE"
"393","HISTORICAL-NOVEL"
"394","SPECULATIVE-FICTION FANTASY CHILDREN'S-LITERATURE"
"395","SPECULATIVE-FICTION FANTASY CHILDREN'S-LITERATURE"
"396","SPECULATIVE-FICTION FICTION FANTASY HORROR"
"397","FICTION MYSTERY SUSPENSE THRILLER CRIME-FICTION"
"398","SPECULATIVE-FICTION FICTION ADVENTURE-NOVEL THRILLER"
"399","SPECULATIVE-FICTION FICTION NOVEL CHILDREN'S-LITERATURE SHORT-STORY"
"400","CHILDREN'S-LITERATURE"
"401","FICTION NOVEL"
"402","FICTION NOVEL HISTORICAL-NOVEL"
"403","FICTION HISTORICAL-FICTION HISTORICAL-NOVEL"
"404","HISTORICAL-FICTION HISTORICAL-NOVEL"
"405","FICTION NOVEL CHILDREN'S-LITERATURE"
"406","FICTION CHILDREN'S-LITERATURE YOUNG-ADULT-LITERATURE"
"407","SPECULATIVE-FICTION FANTASY CHILDREN'S-LITERATURE"
"408","FICTION NOVEL MYSTERY DETECTIVE-FICTION"
"409","FICTION NOVEL CHILDREN'S-LITERATURE YOUNG-ADULT-LITERATURE"
"410","FICTION NOVEL"
"411","FICTION MYSTERY SUSPENSE CRIME-FICTION"
"412","CHILDREN'S-LITERATURE MYSTERY DETECTIVE-FICTION"
"413","SCIENCE-FICTION SPECULATIVE-FICTION"
"414","SPECULATIVE-FICTION FANTASY"
"415","SPECULATIVE-FICTION MYSTERY HORROR CRIME-FICTION"
"416","SPECULATIVE-FICTION FANTASY"
"417","FICTION NOVEL"
"418","FICTION NOVEL MYSTERY"
"419","SCIENCE-FICTION SPECULATIVE-FICTION"
"420","SPECULATIVE-FICTION CHILDREN'S-LITERATURE HORROR"
"421","NOVEL"
"422","SPECULATIVE-FICTION FICTION NOVEL"
"423","SPECULATIVE-FICTION FICTION FANTASY YOUNG-ADULT-LITERATURE"
"424","FICTION NOVEL MYSTERY"
"425","FICTION NOVEL MYSTERY CRIME-FICTION"
"426","SPECULATIVE-FICTION FICTION HORROR"
"427","SCIENCE-FICTION SPECULATIVE-FICTION FANTASY"
"428","FICTION MYSTERY CRIME-FICTION"
"429","FICTION MYSTERY SUSPENSE CRIME-FICTION"
"430","FICTION MYSTERY SUSPENSE CRIME-FICTION"
"431","SPECULATIVE-FICTION FICTION NOVEL HORROR"
"432","SCIENCE-FICTION SPECULATIVE-FICTION FICTION"
"433","FICTION NOVEL"
"434","SCIENCE-FICTION SPECULATIVE-FICTION"
"435","SCIENCE-FICTION SPECULATIVE-FICTION"
"436","FICTION CHILDREN'S-LITERATURE"
"437","FICTION CHILDREN'S-LITERATURE YOUNG-ADULT-LITERATURE"
"438","SCIENCE-FICTION SPECULATIVE-FICTION"
"439","SPECULATIVE-FICTION FICTION MYSTERY CRIME-FICTION"
"440","FICTION MYSTERY SUSPENSE DETECTIVE-FICTION CRIME-FICTION"
"441","FICTION MYSTERY SUSPENSE DETECTIVE-FICTION CRIME-FICTION"
"442","FICTION MYSTERY SUSPENSE CRIME-FICTION"
"443","SCIENCE-FICTION SPECULATIVE-FICTION"
"444","FICTION NOVEL"
"445","SCIENCE-FICTION SPECULATIVE-FICTION"
"446","SCIENCE-FICTION SPECULATIVE-FICTION"
"447","SCIENCE-FICTION SPECULATIVE-FICTION"
"448","FICTION NOVEL"
"449","FICTION NOVEL MYSTERY SUSPENSE CRIME-FICTION"
"450","SCIENCE-FICTION SPECULATIVE-FICTION FICTION NOVEL"
"451","SPECULATIVE-FICTION FANTASY"
"452","SPECULATIVE-FICTION FANTASY"
"453","FICTION CHILDREN'S-LITERATURE YOUNG-ADULT-LITERATURE"
"454","FICTION CHILDREN'S-LITERATURE HISTORICAL-FICTION HISTORICAL-NOVEL"
"455","SCIENCE-FICTION FICTION NOVEL NON-FICTION"
"456","FICTION MYSTERY SUSPENSE SPY-FICTION THRILLER CRIME-FICTION"
"457","FICTION MYSTERY SUSPENSE CRIME-FICTION"
"458","SCIENCE-FICTION SPECULATIVE-FICTION"
"459","SPECULATIVE-FICTION FANTASY"
"460","SCIENCE-FICTION SPECULATIVE-FICTION FICTION CHILDREN'S-LITERATURE"
"461","MYSTERY DETECTIVE-FICTION HISTORICAL-NOVEL"
"462","SCIENCE-FICTION SPECULATIVE-FICTION"
"463","NOVEL HISTORICAL-NOVEL"
"464","SPECULATIVE-FICTION FANTASY"
"465","FICTION NOVEL"
"466","SPECULATIVE-FICTION FICTION FANTASY"
"467","SPECULATIVE-FICTION FICTION FANTASY"
"468","NOVEL HISTORY HISTORICAL-NOVEL NON-FICTION"
"469","FICTION CHILDREN'S-LITERATURE YOUNG-ADULT-LITERATURE"
"470","SCIENCE-FICTION SPECULATIVE-FICTION FANTASY"
"471","SCIENCE-FICTION SPECULATIVE-FICTION"
"472","FICTION SPY-FICTION THRILLER"
"473","FICTION NOVEL"
"474","FICTION MYSTERY SUSPENSE CRIME-FICTION"
"475","CHILDREN'S-LITERATURE"
"476","FICTION NOVEL MYSTERY"
"477","SCIENCE-FICTION SPECULATIVE-FICTION"
"478","FICTION NOVEL NON-FICTION"
"479","SPECULATIVE-FICTION FANTASY"
"480","SPECULATIVE-FICTION FICTION HORROR"
"481","SPECULATIVE-FICTION FICTION NOVEL"
"482","FICTION MYSTERY SUSPENSE CRIME-FICTION"
"483","FICTION CHILDREN'S-LITERATURE MYSTERY"
"484","FICTION NOVEL MYSTERY SUSPENSE THRILLER CRIME-FICTION"
"485","SCIENCE-FICTION SPECULATIVE-FICTION FICTION"
"486","SPECULATIVE-FICTION FICTION FANTASY CHILDREN'S-LITERATURE"
"487","SCIENCE-FICTION SPECULATIVE-FICTION"
"488","CHILDREN'S-LITERATURE YOUNG-ADULT-LITERATURE"
"489","SCIENCE-FICTION SPECULATIVE-FICTION FANTASY"
"490","FICTION NOVEL"
"491","FICTION NOVEL"
"492","FICTION HISTORICAL-NOVEL NON-FICTION ALTERNATE-HISTORY"
"493","FICTION NOVEL"
"494","SCIENCE-FICTION SPECULATIVE-FICTION FANTASY"
"495","FICTION NOVEL MYSTERY SUSPENSE THRILLER CRIME-FICTION"
"496","FICTION NOVEL THRILLER CRIME-FICTION"
"497","NOVEL"
"498","FICTION NOVEL"
"499","NOVEL HISTORICAL-NOVEL"
"500","SPECULATIVE-FICTION FANTASY"
"501","FICTION MYSTERY SUSPENSE CRIME-FICTION"
"502","SPECULATIVE-FICTION FICTION NOVEL HISTORICAL-FICTION HISTORICAL-NOVEL"
"503","FICTION MYSTERY SUSPENSE DETECTIVE-FICTION"
"504","FICTION CHILDREN'S-LITERATURE MYSTERY YOUNG-ADULT-LITERATURE"
"505","SCIENCE-FICTION SPECULATIVE-FICTION FICTION SPY-FICTION THRILLER CRIME-FICTION"
"506","SCIENCE-FICTION SPECULATIVE-FICTION FICTION THRILLER"
"507","SPECULATIVE-FICTION FANTASY"
"508","MYSTERY DETECTIVE-FICTION"
"509","FICTION NOVEL"
"510","CHILDREN'S-LITERATURE MYSTERY DETECTIVE-FICTION"
"511","SPECULATIVE-FICTION FANTASY"
"512","FICTION NOVEL CHILDREN'S-LITERATURE"
"513","CHILDREN'S-LITERATURE MYSTERY DETECTIVE-FICTION"
"514","FICTION NOVEL ROMANCE-NOVEL HISTORICAL-NOVEL"
"515","FICTION NOVEL"
"516","SPECULATIVE-FICTION FICTION NOVEL FANTASY"
"517","FICTION CHILDREN'S-LITERATURE"
"518","SPECULATIVE-FICTION FANTASY"
"519","SPECULATIVE-FICTION FANTASY CHILDREN'S-LITERATURE"
"520","FICTION MYSTERY SUSPENSE CRIME-FICTION"
"521","NOVEL"
"522","SCIENCE-FICTION SPECULATIVE-FICTION"
"523","FICTION NOVEL"
"524","SPECULATIVE-FICTION FANTASY SHORT-STORY"
"525","FICTION NOVEL"
"526","SPECULATIVE-FICTION FANTASY SHORT-STORY"
"527","SPECULATIVE-FICTION FICTION NOVEL THRILLER NON-FICTION"
"528","SCIENCE-FICTION FICTION NOVEL"
"529","SCIENCE-FICTION SPECULATIVE-FICTION FICTION"
"530","SPECULATIVE-FICTION FICTION NOVEL HISTORICAL-NOVEL"
"531","MYSTERY DETECTIVE-FICTION"
"532","CHILDREN'S-LITERATURE MYSTERY DETECTIVE-FICTION"
"533","CHILDREN'S-LITERATURE MYSTERY DETECTIVE-FICTION"
"534","CHILDREN'S-LITERATURE"
"535","SPECULATIVE-FICTION FICTION FANTASY"
"536","SPECULATIVE-FICTION FICTION FANTASY"
"537","FICTION CHILDREN'S-LITERATURE"
"538","SPECULATIVE-FICTION FICTION NOVEL"
"539","SPECULATIVE-FICTION FICTION FANTASY HISTORICAL-NOVEL"
"540","SPECULATIVE-FICTION FANTASY"
"541","SPECULATIVE-FICTION FICTION NOVEL FANTASY CHILDREN'S-LITERATURE"
"542","FICTION CHILDREN'S-LITERATURE YOUNG-ADULT-LITERATURE"
"543","SPECULATIVE-FICTION FANTASY CHILDREN'S-LITERATURE ADVENTURE-NOVEL"
"544","FICTION NOVEL CHILDREN'S-LITERATURE"
"545","FICTION HISTORICAL-FICTION HISTORICAL-NOVEL"
"546","SCIENCE-FICTION SPECULATIVE-FICTION"
"547","FICTION NOVEL CHILDREN'S-LITERATURE"
"548","FICTION NOVEL THRILLER"
"549","SPECULATIVE-FICTION FICTION NOVEL"
"550","FICTION NOVEL"
"551","FICTION CHILDREN'S-LITERATURE"
"552","SPECULATIVE-FICTION FICTION FANTASY MYSTERY CRIME-FICTION"
"553","SCIENCE-FICTION SPECULATIVE-FICTION"
"554","FICTION MYSTERY ADVENTURE-NOVEL SPY-FICTION THRILLER HISTORICAL-NOVEL"
"555","FICTION NOVEL"
"556","FICTION NOVEL CHILDREN'S-LITERATURE YOUNG-ADULT-LITERATURE"
"557","SPECULATIVE-FICTION FICTION NOVEL"
"558","FICTION NOVEL"
"559","SPECULATIVE-FICTION FICTION NOVEL"
"560","SCIENCE-FICTION SPECULATIVE-FICTION FANTASY"
"561","FICTION NOVEL"
"562","FICTION NOVEL MYSTERY CRIME-FICTION"
"563","FICTION CHILDREN'S-LITERATURE"
"564","FICTION MYSTERY SUSPENSE CRIME-FICTION"
"565","FICTION MYSTERY SUSPENSE CRIME-FICTION"
"566","FICTION NOVEL MYSTERY"
"567","FICTION MYSTERY THRILLER"
"568","CHILDREN'S-LITERATURE"
"569","SCIENCE-FICTION SPECULATIVE-FICTION CHILDREN'S-LITERATURE"
"570","FICTION NOVEL HISTORICAL-NOVEL BIOGRAPHY"
"571","SPECULATIVE-FICTION FICTION MYSTERY CRIME-FICTION"
"572","SPECULATIVE-FICTION FICTION FANTASY CHILDREN'S-LITERATURE"
"573","FICTION NOVEL CHILDREN'S-LITERATURE YOUNG-ADULT-LITERATURE"
"574","NON-FICTION ALTERNATE-HISTORY"
"575","FICTION NOVEL CHILDREN'S-LITERATURE"
"576","SPECULATIVE-FICTION FICTION NOVEL CHILDREN'S-LITERATURE YOUNG-ADULT-LITERATURE"
"577","FICTION NOVEL CHILDREN'S-LITERATURE"
"578","FICTION NOVEL YOUNG-ADULT-LITERATURE"
"579","CHILDREN'S-LITERATURE"
"580","SCIENCE-FICTION SPECULATIVE-FICTION FICTION FANTASY"
"581","SPECULATIVE-FICTION FICTION NOVEL"
"582","SPECULATIVE-FICTION FICTION NOVEL"
"583","FICTION NOVEL"
"584","FICTION CHILDREN'S-LITERATURE YOUNG-ADULT-LITERATURE"
"585","FICTION NOVEL MYSTERY CRIME-FICTION"
"586","SPECULATIVE-FICTION FANTASY CHILDREN'S-LITERATURE"
"587","FICTION NOVEL CHILDREN'S-LITERATURE YOUNG-ADULT-LITERATURE"
"588","FICTION MYSTERY CRIME-FICTION"
"589","FICTION NOVEL"
"590","FICTION NOVEL"
"591","SPECULATIVE-FICTION FICTION CHILDREN'S-LITERATURE"
"592","FICTION NOVEL CRIME-FICTION"
"593","SCIENCE-FICTION SPECULATIVE-FICTION FANTASY"
"594","FICTION NOVEL CRIME-FICTION"
"595","SPECULATIVE-FICTION FANTASY"
"596","SCIENCE-FICTION SPECULATIVE-FICTION FANTASY"
"597","FICTION NOVEL NON-FICTION"
"598","FANTASY CHILDREN'S-LITERATURE"
"599","SPECULATIVE-FICTION FANTASY MYSTERY"
"600","FICTION FANTASY CHILDREN'S-LITERATURE"
"601","FICTION CHILDREN'S-LITERATURE MYSTERY"
"602","SPECULATIVE-FICTION FANTASY CHILDREN'S-LITERATURE"
"603","SCIENCE-FICTION SPECULATIVE-FICTION FANTASY"
"604","SCIENCE-FICTION SPECULATIVE-FICTION"
"605","SCIENCE-FICTION SPECULATIVE-FICTION"
"606","MYSTERY DETECTIVE-FICTION"
"607","MYSTERY DETECTIVE-FICTION"
"608","MYSTERY DETECTIVE-FICTION"
"609","SPECULATIVE-FICTION FICTION NOVEL"
"610","SPECULATIVE-FICTION FICTION FANTASY"
"611","SCIENCE-FICTION SPECULATIVE-FICTION FICTION"
"612","SCIENCE-FICTION SPECULATIVE-FICTION"
"613","SCIENCE-FICTION FICTION NOVEL"
"614","FICTION YOUNG-ADULT-LITERATURE"
"615","FICTION MYSTERY SUSPENSE"
"616","SCIENCE-FICTION SPECULATIVE-FICTION"
"617","SPECULATIVE-FICTION FANTASY CHILDREN'S-LITERATURE"
"618","SPECULATIVE-FICTION FANTASY HORROR"
"619","FICTION NOVEL"
"620","HISTORICAL-NOVEL NON-FICTION ALTERNATE-HISTORY"
"621","SCIENCE-FICTION"
"622","FICTION NOVEL THRILLER CRIME-FICTION"
"623","FICTION MYSTERY CRIME-FICTION"
"624","SCIENCE-FICTION SPECULATIVE-FICTION"
"625","NOVEL NON-FICTION"
"626","CHILDREN'S-LITERATURE YOUNG-ADULT-LITERATURE"
"627","FICTION NOVEL"
"628","SPECULATIVE-FICTION FICTION FANTASY CHILDREN'S-LITERATURE"
"629","SPECULATIVE-FICTION FICTION NOVEL HISTORICAL-NOVEL"
"630","SPECULATIVE-FICTION FANTASY"
"631","SPECULATIVE-FICTION FANTASY ADVENTURE-NOVEL"
"632","SCIENCE-FICTION SPECULATIVE-FICTION"
"633","SPECULATIVE-FICTION ADVENTURE-NOVEL"
"634","SPECULATIVE-FICTION FANTASY"
"635","FICTION MYSTERY CRIME-FICTION"
"636","SPECULATIVE-FICTION FANTASY CHILDREN'S-LITERATURE"
"637","FICTION NOVEL ROMANCE-NOVEL"
"638","FICTION MYSTERY SUSPENSE DETECTIVE-FICTION CRIME-FICTION"
"639","SCIENCE-FICTION SPECULATIVE-FICTION"
"640","FICTION NOVEL"
"641","SPECULATIVE-FICTION FICTION THRILLER CRIME-FICTION"
"642","FICTION NOVEL CRIME-FICTION"
"643","FICTION NOVEL CHILDREN'S-LITERATURE YOUNG-ADULT-LITERATURE"
"644","FICTION NOVEL YOUNG-ADULT-LITERATURE"
"645","CHILDREN'S-LITERATURE YOUNG-ADULT-LITERATURE"
"646","CHILDREN'S-LITERATURE YOUNG-ADULT-LITERATURE"
"647","FICTION NOVEL"
"648","FICTION NOVEL CHILDREN'S-LITERATURE YOUNG-ADULT-LITERATURE"
"649","HISTORICAL-NOVEL"
"650","SCIENCE-FICTION SPECULATIVE-FICTION SPY-FICTION THRILLER"
"651","FICTION NOVEL"
"652","FICTION MYSTERY SUSPENSE CRIME-FICTION"
"653","FICTION NOVEL CHILDREN'S-LITERATURE YOUNG-ADULT-LITERATURE"
"654","FICTION MYSTERY SUSPENSE CRIME-FICTION"
"655","FICTION HISTORICAL-FICTION HISTORICAL-NOVEL"
"656","SCIENCE-FICTION SPECULATIVE-FICTION FICTION FANTASY"
"657","FICTION NOVEL MYSTERY SUSPENSE THRILLER CRIME-FICTION"
"658","SPECULATIVE-FICTION FICTION NOVEL"
"659","NOVEL"
"660","FICTION NOVEL"
"661","FICTION MYSTERY SUSPENSE CRIME-FICTION"
"662","FICTION NOVEL"
"663","FICTION HISTORICAL-NOVEL"
"664","NON-FICTION"
"665","FICTION NOVEL"
"666","FICTION NOVEL"
"667","SPECULATIVE-FICTION FICTION FANTASY CHILDREN'S-LITERATURE"
"668","SPECULATIVE-FICTION FANTASY"
"669","FICTION MYSTERY SUSPENSE"
"670","FICTION NOVEL"
"671","FICTION NOVEL FANTASY CHILDREN'S-LITERATURE"
"672","SCIENCE-FICTION SPECULATIVE-FICTION"
"673","FICTION NOVEL CHILDREN'S-LITERATURE YOUNG-ADULT-LITERATURE"
"674","SPECULATIVE-FICTION FANTASY"
"675","FICTION NOVEL CHILDREN'S-LITERATURE YOUNG-ADULT-LITERATURE"
"676","FICTION NOVEL ADVENTURE-NOVEL"
"677","SPECULATIVE-FICTION FICTION"
"678","SPECULATIVE-FICTION FANTASY"
"679","SCIENCE-FICTION SPECULATIVE-FICTION"
"680","FICTION CHILDREN'S-LITERATURE MYSTERY DETECTIVE-FICTION CRIME-FICTION"
"681","SPECULATIVE-FICTION FICTION NOVEL HISTORICAL-NOVEL"
"682","FICTION MYSTERY SUSPENSE CRIME-FICTION"
"683","FICTION CHILDREN'S-LITERATURE MYSTERY"
"684","FICTION MYSTERY SUSPENSE THRILLER CRIME-FICTION"
"685","SPECULATIVE-FICTION FANTASY"
"686","FICTION NOVEL MYSTERY ROMANCE-NOVEL"
"687","FICTION NOVEL NON-FICTION"
"688","SPECULATIVE-FICTION FICTION FANTASY CHILDREN'S-LITERATURE"
"689","SCIENCE-FICTION SPECULATIVE-FICTION"
"690","SPECULATIVE-FICTION FANTASY CHILDREN'S-LITERATURE"
"691","FICTION CHILDREN'S-LITERATURE"
"692","FICTION CHILDREN'S-LITERATURE"
"693","SPECULATIVE-FICTION FANTASY CHILDREN'S-LITERATURE"
"694","NOVEL NON-FICTION"
"695","FICTION NOVEL CHILDREN'S-LITERATURE YOUNG-ADULT-LITERATURE"
"696","SPECULATIVE-FICTION FICTION FANTASY HORROR"
"697","FICTION NOVEL"
"698","SPECULATIVE-FICTION FICTION FANTASY HORROR"
"699","SCIENCE-FICTION SPECULATIVE-FICTION"
"700","SPECULATIVE-FICTION FICTION NOVEL FANTASY CHILDREN'S-LITERATURE NON-FICTION"
"701","SPECULATIVE-FICTION FICTION HISTORICAL-NOVEL ALTERNATE-HISTORY"
"702","SPECULATIVE-FICTION FICTION NOVEL FANTASY"
"703","FICTION NOVEL"
"704","SPECULATIVE-FICTION FICTION FANTASY"
"705","SPECULATIVE-FICTION FANTASY CHILDREN'S-LITERATURE"
"706","SPECULATIVE-FICTION FICTION NOVEL FANTASY CHILDREN'S-LITERATURE"
"707","SCIENCE-FICTION SPECULATIVE-FICTION CHILDREN'S-LITERATURE"
"708","SPECULATIVE-FICTION FANTASY"
"709","FICTION NOVEL"
"710","FICTION NOVEL"
"711","SPECULATIVE-FICTION FICTION FANTASY"
"712","SPECULATIVE-FICTION FICTION FANTASY CHILDREN'S-LITERATURE YOUNG-ADULT-LITERATURE"
"713","FICTION NOVEL HISTORICAL-NOVEL"
"714","CHILDREN'S-LITERATURE"
"715","SPECULATIVE-FICTION FANTASY HISTORICAL-NOVEL"
"716","SPECULATIVE-FICTION FICTION NOVEL HISTORICAL-NOVEL"
"717","SCIENCE-FICTION NON-FICTION"
"718","FICTION MYSTERY SUSPENSE CRIME-FICTION"
"719","SCIENCE-FICTION SPECULATIVE-FICTION FICTION NOVEL"
"720","SPECULATIVE-FICTION FICTION FANTASY"
"721","SCIENCE-FICTION SPECULATIVE-FICTION"
"722","FICTION CHILDREN'S-LITERATURE YOUNG-ADULT-LITERATURE"
"723","FICTION MYSTERY SUSPENSE CRIME-FICTION"
"724","SCIENCE-FICTION SPECULATIVE-FICTION"
"725","SCIENCE-FICTION SPECULATIVE-FICTION"
"726","SCIENCE-FICTION SPECULATIVE-FICTION"
"727","CHILDREN'S-LITERATURE"
"728","SPECULATIVE-FICTION FICTION NOVEL"
"729","SCIENCE-FICTION SPECULATIVE-FICTION"
"730","SCIENCE-FICTION SPECULATIVE-FICTION"
"731","FICTION MYSTERY SUSPENSE DETECTIVE-FICTION"
"732","SCIENCE-FICTION SPECULATIVE-FICTION"
"733","MYSTERY SUSPENSE"
"734","SPECULATIVE-FICTION FICTION NOVEL FANTASY NON-FICTION"
"735","FICTION MYSTERY SUSPENSE DETECTIVE-FICTION"
"736","FICTION NOVEL"
"737","FICTION MYSTERY SUSPENSE CRIME-FICTION"
"738","SPECULATIVE-FICTION FANTASY"
"739","FICTION MYSTERY SUSPENSE CRIME-FICTION"
"740","FICTION MYSTERY SUSPENSE CRIME-FICTION"
"741","HISTORICAL-NOVEL ALTERNATE-HISTORY"
"742","FICTION MYSTERY CRIME-FICTION"
"743","FICTION NOVEL MYSTERY SUSPENSE CRIME-FICTION"
"744","FICTION NOVEL"
"745","FICTION NOVEL"
"746","SPECULATIVE-FICTION FANTASY"
"747","SCIENCE-FICTION SPECULATIVE-FICTION FICTION NOVEL THRILLER CRIME-FICTION"
"748","SPECULATIVE-FICTION FANTASY CHILDREN'S-LITERATURE"
"749","SCIENCE-FICTION SPECULATIVE-FICTION FICTION FANTASY"
"750","FICTION MYSTERY SUSPENSE DETECTIVE-FICTION CRIME-FICTION"
"751","FICTION MYSTERY DETECTIVE-FICTION"
"752","SCIENCE-FICTION SPECULATIVE-FICTION FICTION CHILDREN'S-LITERATURE"
"753","FICTION NOVEL"
"754","SPECULATIVE-FICTION FICTION NOVEL HISTORICAL-NOVEL"
"755","FICTION NOVEL MYSTERY"
"756","MYSTERY"
"757","SCIENCE-FICTION SPECULATIVE-FICTION FANTASY"
"758","FICTION NOVEL MYSTERY SUSPENSE CRIME-FICTION"
"759","SPECULATIVE-FICTION FICTION NOVEL"
"760","SPECULATIVE-FICTION FICTION NOVEL"
"761","SPECULATIVE-FICTION FICTION CHILDREN'S-LITERATURE"
"762","FICTION NOVEL CHILDREN'S-LITERATURE"
"763","SPECULATIVE-FICTION FICTION NOVEL CHILDREN'S-LITERATURE"
"764","SCIENCE-FICTION SPECULATIVE-FICTION"
"765","FICTION NOVEL THRILLER"
"766","FICTION NOVEL"
"767","FICTION NOVEL"
"768","FICTION NOVEL AUTOBIOGRAPHY NON-FICTION"
"769","SPECULATIVE-FICTION FICTION FANTASY HORROR"
"770","FICTION NOVEL"
"771","CHILDREN'S-LITERATURE YOUNG-ADULT-LITERATURE"
"772","SCIENCE-FICTION SPECULATIVE-FICTION FANTASY"
"773","SPECULATIVE-FICTION FICTION FANTASY CHILDREN'S-LITERATURE"
"774","SPECULATIVE-FICTION FANTASY CHILDREN'S-LITERATURE"
"775","FICTION NOVEL MYSTERY SUSPENSE CRIME-FICTION YOUNG-ADULT-LITERATURE"
"776","SCIENCE-FICTION SPECULATIVE-FICTION"
"777","SPECULATIVE-FICTION FANTASY"
"778","SPECULATIVE-FICTION FICTION MYSTERY CRIME-FICTION"
"779","CHILDREN'S-LITERATURE YOUNG-ADULT-LITERATURE"
"780","SCIENCE-FICTION SPECULATIVE-FICTION"
"781","CHILDREN'S-LITERATURE YOUNG-ADULT-LITERATURE"
"782","FICTION NOVEL"
"783","SCIENCE-FICTION SPECULATIVE-FICTION FICTION"
"784","FICTION NOVEL"
"785","FICTION MYSTERY"
"786","FICTION CHILDREN'S-LITERATURE YOUNG-ADULT-LITERATURE"
"787","FICTION NOVEL CHILDREN'S-LITERATURE YOUNG-ADULT-LITERATURE"
"788","FICTION MYSTERY SUSPENSE CRIME-FICTION"
"789","SPY-FICTION THRILLER"
"790","SCIENCE-FICTION SPECULATIVE-FICTION FICTION FANTASY"
"791","SCIENCE-FICTION SPECULATIVE-FICTION FANTASY"
"792","NOVEL"
"793","FICTION NOVEL SPY-FICTION"
"794","FICTION MYSTERY SUSPENSE THRILLER"
"795","FICTION MYSTERY SUSPENSE CRIME-FICTION"
"796","FICTION NOVEL MYSTERY SUSPENSE CRIME-FICTION"
"797","SPECULATIVE-FICTION FICTION FANTASY CHILDREN'S-LITERATURE HISTORICAL-NOVEL"
"798","SPECULATIVE-FICTION FANTASY"
"799","FICTION MYSTERY SUSPENSE THRILLER"
"800","SPECULATIVE-FICTION FICTION FANTASY HORROR"
"801","MYSTERY DETECTIVE-FICTION"
"802","CHILDREN'S-LITERATURE"
"803","FICTION MYSTERY ADVENTURE-NOVEL THRILLER DETECTIVE-FICTION"
"804","MYSTERY DETECTIVE-FICTION"
"805","MYSTERY DETECTIVE-FICTION"
"806","SPECULATIVE-FICTION FICTION FANTASY CHILDREN'S-LITERATURE MYSTERY DETECTIVE-FICTION"
"807","FICTION MYSTERY SUSPENSE DETECTIVE-FICTION"
"808","FICTION CHILDREN'S-LITERATURE MYSTERY SUSPENSE DETECTIVE-FICTION"
"809","FICTION MYSTERY SUSPENSE"
"810","MYSTERY CRIME-FICTION"
"811","FICTION NOVEL"
"812","SPECULATIVE-FICTION FICTION CRIME-FICTION"
"813","FICTION MYSTERY SUSPENSE CRIME-FICTION"
"814","SPECULATIVE-FICTION FICTION MYSTERY HORROR"
"815","SPECULATIVE-FICTION FICTION FANTASY HORROR"
"816","SPECULATIVE-FICTION FANTASY"
"817","MYSTERY DETECTIVE-FICTION"
"818","SCIENCE-FICTION"
"819","FICTION NOVEL MYSTERY SUSPENSE THRILLER CRIME-FICTION"
"820","SCIENCE-FICTION SPECULATIVE-FICTION"
"821","SPECULATIVE-FICTION FICTION"
"822","FICTION NOVEL"
"823","FICTION NOVEL CHILDREN'S-LITERATURE"
"824","SPECULATIVE-FICTION FICTION FANTASY"
"825","FICTION CHILDREN'S-LITERATURE YOUNG-ADULT-LITERATURE"
"826","SCIENCE-FICTION SPECULATIVE-FICTION FICTION"
"827","SCIENCE-FICTION SPECULATIVE-FICTION NOVEL"
"828","SCIENCE-FICTION SPECULATIVE-FICTION"
"829","FICTION NOVEL"
"830","SPECULATIVE-FICTION FANTASY"
"831","SPECULATIVE-FICTION FICTION FANTASY"
"832","SCIENCE-FICTION SPECULATIVE-FICTION CHILDREN'S-LITERATURE ADVENTURE-NOVEL YOUNG-ADULT-LITERATURE"
"833","SPECULATIVE-FICTION FANTASY CHILDREN'S-LITERATURE"
"834","SCIENCE-FICTION SPECULATIVE-FICTION"
"835","CHILDREN'S-LITERATURE YOUNG-ADULT-LITERATURE"
"836","NOVEL MYSTERY"
"837","FICTION NOVEL AUTOBIOGRAPHY COMEDY"
"838","SCIENCE-FICTION SPECULATIVE-FICTION FANTASY CHILDREN'S-LITERATURE"
"839","SCIENCE-FICTION SPECULATIVE-FICTION FICTION"
"840","FICTION NOVEL"
"841","FICTION MYSTERY SUSPENSE CRIME-FICTION"
"842","FICTION CHILDREN'S-LITERATURE YOUNG-ADULT-LITERATURE"
"843","FICTION NOVEL MYSTERY CRIME-FICTION"
"844","SPECULATIVE-FICTION FICTION NOVEL"
"845","FICTION NOVEL CHILDREN'S-LITERATURE"
"846","SPECULATIVE-FICTION FANTASY"
"847","FICTION CHILDREN'S-LITERATURE"
"848","SPECULATIVE-FICTION FANTASY CHILDREN'S-LITERATURE"
"849","FICTION NOVEL ROMANCE-NOVEL YOUNG-ADULT-LITERATURE"
"850","SCIENCE-FICTION SPECULATIVE-FICTION FICTION HORROR"
"851","SPECULATIVE-FICTION FICTION FANTASY"
"852","FICTION NOVEL HISTORICAL-NOVEL"
"853","FICTION MYSTERY SUSPENSE SPY-FICTION THRILLER"
"854","NOVEL"
"855","SCIENCE-FICTION SPECULATIVE-FICTION"
"856","FICTION NOVEL"
"857","SCIENCE-FICTION SPECULATIVE-FICTION"
"858","SPECULATIVE-FICTION FANTASY CHILDREN'S-LITERATURE"
"859","NOVEL AUTOBIOGRAPHY BIOGRAPHY NON-FICTION"
"860","SCIENCE-FICTION SPECULATIVE-FICTION CHILDREN'S-LITERATURE"
"861","FICTION MYSTERY SUSPENSE DETECTIVE-FICTION CRIME-FICTION"
"862","FICTION NOVEL MYSTERY CRIME-FICTION"
"863","SPECULATIVE-FICTION FICTION FANTASY CHILDREN'S-LITERATURE MYSTERY"
"864","FICTION ADVENTURE-NOVEL SPY-FICTION THRILLER ALTERNATE-HISTORY"
"865","FICTION MYSTERY SUSPENSE"
"866","FICTION NOVEL MYSTERY CRIME-FICTION"
"867","SPECULATIVE-FICTION FICTION NOVEL CHILDREN'S-LITERATURE YOUNG-ADULT-LITERATURE"
"868","SPECULATIVE-FICTION FICTION MYSTERY SUSPENSE HISTORICAL-NOVEL CRIME-FICTION"
"869","FICTION CHILDREN'S-LITERATURE MYSTERY"
"870","MYSTERY DETECTIVE-FICTION"
"871","CHILDREN'S-LITERATURE"
"872","FICTION MYSTERY DETECTIVE-FICTION"
"873","SCIENCE-FICTION SPECULATIVE-FICTION"
"874","SPECULATIVE-FICTION CHILDREN'S-LITERATURE"
"875","FICTION NOVEL MYSTERY THRILLER YOUNG-ADULT-LITERATURE"
"876","SPECULATIVE-FICTION FANTASY"
"877","SPECULATIVE-FICTION FANTASY CHILDREN'S-LITERATURE"
"878","SCIENCE-FICTION SPECULATIVE-FICTION"
"879","SCIENCE-FICTION SPECULATIVE-FICTION"
"880","FICTION MYSTERY CRIME-FICTION"
"881","SPECULATIVE-FICTION FICTION NOVEL"
"882","SPECULATIVE-FICTION FANTASY"
"883","SPECULATIVE-FICTION FICTION HORROR"
"884","NOVEL CHILDREN'S-LITERATURE MYSTERY DETECTIVE-FICTION"
"885","FICTION NOVEL AUTOBIOGRAPHY NON-FICTION"
"886","FICTION NOVEL"
"887","SPECULATIVE-FICTION CHILDREN'S-LITERATURE"
"888","MYSTERY CRIME-FICTION"
"889","FICTION NOVEL"
"890","SPECULATIVE-FICTION FICTION CHILDREN'S-LITERATURE MYSTERY"
"891","FICTION NOVEL MYSTERY"
"892","NOVEL CHILDREN'S-LITERATURE YOUNG-ADULT-LITERATURE"
"893","FICTION HISTORICAL-FICTION MYSTERY SUSPENSE HISTORICAL-NOVEL"
"894","FICTION MYSTERY SUSPENSE CRIME-FICTION"
"895","FICTION CHILDREN'S-LITERATURE"
"896","NOVEL HISTORY HISTORICAL-NOVEL"
"897","FICTION NOVEL CHILDREN'S-LITERATURE"
"898","FICTION NOVEL AUTOBIOGRAPHY NON-FICTION"
"899","SPECULATIVE-FICTION FICTION NOVEL HISTORICAL-NOVEL"
"900","SPECULATIVE-FICTION FANTASY CHILDREN'S-LITERATURE"
"901","NOVEL NON-FICTION"
"902","SCIENCE-FICTION SPECULATIVE-FICTION"
"903","FICTION MYSTERY SUSPENSE"
"904","SCIENCE-FICTION SPECULATIVE-FICTION"
"905","SCIENCE-FICTION SPECULATIVE-FICTION"
"906","SCIENCE-FICTION SPECULATIVE-FICTION"
"907","SPECULATIVE-FICTION FICTION HISTORICAL-NOVEL"
"908","SCIENCE-FICTION SPECULATIVE-FICTION"
"909","FICTION NOVEL HISTORICAL-FICTION HISTORICAL-NOVEL"
"910","SPECULATIVE-FICTION FANTASY"
"911","SPECULATIVE-FICTION FICTION HORROR YOUNG-ADULT-LITERATURE"
"912","SPECULATIVE-FICTION FANTASY"
"913","SCIENCE-FICTION SPECULATIVE-FICTION FANTASY"
"914","SPECULATIVE-FICTION FANTASY CHILDREN'S-LITERATURE"
"915","SPECULATIVE-FICTION FICTION NOVEL"
"916","CHILDREN'S-LITERATURE ADVENTURE-NOVEL YOUNG-ADULT-LITERATURE"
"917","FICTION NOVEL"
"918","FICTION CHILDREN'S-LITERATURE ROMANCE-NOVEL"
"919","FICTION CHILDREN'S-LITERATURE YOUNG-ADULT-LITERATURE"
"920","CHILDREN'S-LITERATURE YOUNG-ADULT-LITERATURE"
"921","FICTION NOVEL CRIME-FICTION"
"922","MYSTERY CRIME-FICTION"
"923","FICTION NOVEL CHILDREN'S-LITERATURE"
"924","FICTION NOVEL CHILDREN'S-LITERATURE YOUNG-ADULT-LITERATURE"
"925","FICTION NOVEL"
"926","SCIENCE-FICTION SPECULATIVE-FICTION"
"927","SPECULATIVE-FICTION FICTION FANTASY"
"928","FICTION MYSTERY CRIME-FICTION"
"929","SPECULATIVE-FICTION FICTION MYSTERY HORROR"
"930","SCIENCE-FICTION SPECULATIVE-FICTION"
"931","SCIENCE-FICTION SPECULATIVE-FICTION NOVEL"
"932","SCIENCE-FICTION SPECULATIVE-FICTION FICTION"
"933","FICTION MYSTERY"
"934","SPECULATIVE-FICTION FICTION FANTASY CHILDREN'S-LITERATURE"
"935","SPECULATIVE-FICTION FANTASY CHILDREN'S-LITERATURE"
"936","SPECULATIVE-FICTION FANTASY"
"937","SPECULATIVE-FICTION FICTION NOVEL"
"938","FICTION NOVEL"
"939","CHILDREN'S-LITERATURE"
"940","CHILDREN'S-LITERATURE"
"941","SPECULATIVE-FICTION FICTION NOVEL"
"942","SPECULATIVE-FICTION FANTASY"
"943","CHILDREN'S-LITERATURE"
"944","FICTION NOVEL HISTORICAL-FICTION"
"945","FICTION NOVEL"
"946","SCIENCE-FICTION SPECULATIVE-FICTION FICTION NOVEL"
"947","FICTION NOVEL CHILDREN'S-LITERATURE YOUNG-ADULT-LITERATURE"
"948","SPECULATIVE-FICTION FANTASY CHILDREN'S-LITERATURE"
"949","SPECULATIVE-FICTION FANTASY"
"950","SCIENCE-FICTION SPECULATIVE-FICTION"
"951","FICTION NOVEL"
"952","SPECULATIVE-FICTION FANTASY HORROR"
"953","ADVENTURE-NOVEL YOUNG-ADULT-LITERATURE"
"954","FICTION MYSTERY SUSPENSE CRIME-FICTION"
"955","SPECULATIVE-FICTION FICTION NOVEL"
"956","SPECULATIVE-FICTION FICTION"
"957","MYSTERY SUSPENSE DETECTIVE-FICTION CRIME-FICTION"
"958","FICTION NOVEL MYSTERY THRILLER CRIME-FICTION"
"959","SCIENCE-FICTION SPECULATIVE-FICTION"
"960","SPECULATIVE-FICTION FICTION NOVEL FANTASY CHILDREN'S-LITERATURE"
"961","FICTION NOVEL"
"962","FICTION CHILDREN'S-LITERATURE"
"963","SPECULATIVE-FICTION FICTION FANTASY"
"964","NOVEL CHILDREN'S-LITERATURE"
"965","SPECULATIVE-FICTION FANTASY CHILDREN'S-LITERATURE ADVENTURE-NOVEL"
"966","FICTION NOVEL"
"967","SCIENCE-FICTION SPECULATIVE-FICTION"
"968","SPECULATIVE-FICTION FICTION NOVEL"
"969","SCIENCE-FICTION NOVEL ALTERNATE-HISTORY"
"970","FICTION CHILDREN'S-LITERATURE"
"971","SPECULATIVE-FICTION FICTION NOVEL MYSTERY"
"972","SCIENCE-FICTION SPECULATIVE-FICTION"
"973","SCIENCE-FICTION SPECULATIVE-FICTION"
"974","SCIENCE-FICTION SPECULATIVE-FICTION"
"975","SCIENCE-FICTION SPECULATIVE-FICTION"
"976","SCIENCE-FICTION SPECULATIVE-FICTION"
"977","SCIENCE-FICTION SPECULATIVE-FICTION"
"978","SCIENCE-FICTION SPECULATIVE-FICTION"
"979","SCIENCE-FICTION SPECULATIVE-FICTION"
"980","SCIENCE-FICTION SPECULATIVE-FICTION"
"981","SPECULATIVE-FICTION FICTION NOVEL FANTASY"
"982","FICTION NOVEL"
"983","FICTION NOVEL HISTORICAL-NOVEL"
"984","FICTION NOVEL MYSTERY CRIME-FICTION"
"985","SCIENCE-FICTION SPECULATIVE-FICTION"
"986","FICTION NOVEL MYSTERY CRIME-FICTION"
"987","FICTION NOVEL MYSTERY SUSPENSE CRIME-FICTION"
"988","FICTION CHILDREN'S-LITERATURE YOUNG-ADULT-LITERATURE"
"989","FICTION NOVEL"
"990","FICTION NOVEL MYSTERY THRILLER CRIME-FICTION"
"991","NOVEL CHILDREN'S-LITERATURE ADVENTURE-NOVEL YOUNG-ADULT-LITERATURE"
"992","SCIENCE-FICTION SPECULATIVE-FICTION"
"993","FICTION NOVEL ROMANCE-NOVEL HISTORICAL-NOVEL"
"994","FICTION MYSTERY SUSPENSE CRIME-FICTION"
"995","FICTION MYSTERY SUSPENSE DETECTIVE-FICTION CRIME-FICTION"
"996","CHILDREN'S-LITERATURE"
"997","SPECULATIVE-FICTION FICTION CHILDREN'S-LITERATURE"
"998","CHILDREN'S-LITERATURE YOUNG-ADULT-LITERATURE"
"999","CHILDREN'S-LITERATURE"
"1000","SCIENCE-FICTION SPECULATIVE-FICTION FICTION NOVEL SPY-FICTION THRILLER"
"1001","NOVEL"
"1002","FICTION NOVEL HISTORICAL-FICTION HISTORICAL-NOVEL"
"1003","FICTION NOVEL CHILDREN'S-LITERATURE"
"1004","FICTION NOVEL"
"1005","SCIENCE-FICTION SPECULATIVE-FICTION CHILDREN'S-LITERATURE"
"1006","SPECULATIVE-FICTION FICTION NOVEL CHILDREN'S-LITERATURE"
"1007","CHILDREN'S-LITERATURE"
"1008","FICTION CHILDREN'S-LITERATURE YOUNG-ADULT-LITERATURE"
"1009","SPECULATIVE-FICTION FICTION HISTORICAL-NOVEL NON-FICTION"
"1010","FICTION NOVEL"
"1011","NOVEL"
"1012","CHILDREN'S-LITERATURE ADVENTURE-NOVEL YOUNG-ADULT-LITERATURE"
"1013","SPECULATIVE-FICTION FICTION NOVEL"
"1014","SPECULATIVE-FICTION HORROR"
"1015","FICTION MYSTERY SUSPENSE CRIME-FICTION"
"1016","FICTION THRILLER"
"1017","SPECULATIVE-FICTION FICTION NOVEL NON-FICTION"
"1018","CHILDREN'S-LITERATURE"
"1019","SPECULATIVE-FICTION FICTION NOVEL CHILDREN'S-LITERATURE"
"1020","CHILDREN'S-LITERATURE YOUNG-ADULT-LITERATURE"
"1021","CHILDREN'S-LITERATURE"
"1022","FICTION CHILDREN'S-LITERATURE YOUNG-ADULT-LITERATURE"
"1023","SPECULATIVE-FICTION FICTION FANTASY CHILDREN'S-LITERATURE"
"1024","SCIENCE-FICTION SPECULATIVE-FICTION"
"1025","NOVEL ALTERNATE-HISTORY"
"1026","FICTION CHILDREN'S-LITERATURE MYSTERY CRIME-FICTION"
"1027","SPECULATIVE-FICTION FANTASY CHILDREN'S-LITERATURE"
"1028","FICTION NOVEL WAR-NOVEL HISTORICAL-NOVEL"
"1029","SPECULATIVE-FICTION FANTASY CHILDREN'S-LITERATURE"
"1030","FICTION CHILDREN'S-LITERATURE"
"1031","FICTION NOVEL MYSTERY ROMANCE-NOVEL HISTORICAL-NOVEL"
"1032","FICTION NOVEL CHILDREN'S-LITERATURE YOUNG-ADULT-LITERATURE"
"1033","SCIENCE-FICTION SPECULATIVE-FICTION FICTION NOVEL"
"1034","SCIENCE-FICTION SPECULATIVE-FICTION"
"1035","FICTION NOVEL"
"1036","SCIENCE-FICTION SPECULATIVE-FICTION FICTION"
"1037","SPECULATIVE-FICTION FICTION NOVEL WAR-NOVEL HISTORICAL-NOVEL"
"1038","SCIENCE-FICTION SPECULATIVE-FICTION"
"1039","FICTION NOVEL"
"1040","SPECULATIVE-FICTION FICTION FANTASY"
"1041","FICTION FANTASY CHILDREN'S-LITERATURE"
"1042","SPECULATIVE-FICTION FICTION NOVEL CRIME-FICTION"
"1043","SCIENCE-FICTION SPECULATIVE-FICTION"
"1044","SPECULATIVE-FICTION FICTION NOVEL"
"1045","FICTION NOVEL MYSTERY THRILLER CRIME-FICTION"
"1046","FICTION NOVEL CHILDREN'S-LITERATURE"
"1047","SCIENCE-FICTION FICTION NOVEL"
"1048","HISTORICAL-NOVEL"
"1049","SPECULATIVE-FICTION FANTASY"
"1050","SCIENCE-FICTION SPECULATIVE-FICTION"
"1051","FICTION NOVEL"
"1052","FICTION NOVEL"
"1053","CHILDREN'S-LITERATURE"
"1054","FICTION MYSTERY SUSPENSE CRIME-FICTION"
"1055","FICTION NOVEL"
"1056","SPECULATIVE-FICTION FICTION NOVEL"
"1057","SCIENCE-FICTION SPECULATIVE-FICTION FICTION NOVEL"
"1058","SCIENCE-FICTION SPECULATIVE-FICTION"
"1059","FICTION NOVEL"
"1060","SPECULATIVE-FICTION FICTION FANTASY CHILDREN'S-LITERATURE"
"1061","FICTION CHILDREN'S-LITERATURE YOUNG-ADULT-LITERATURE"
"1062","FICTION MYSTERY SUSPENSE CRIME-FICTION"
"1063","FICTION MYSTERY SUSPENSE CRIME-FICTION"
"1064","SCIENCE-FICTION SPECULATIVE-FICTION"
"1065","FICTION NOVEL"
"1066","SPECULATIVE-FICTION FICTION FANTASY CHILDREN'S-LITERATURE"
"1067","SCIENCE-FICTION SPECULATIVE-FICTION"
"1068","SCIENCE-FICTION SPECULATIVE-FICTION"
"1069","SPECULATIVE-FICTION FICTION FANTASY CHILDREN'S-LITERATURE"
"1070","SCIENCE-FICTION"
"1071","FICTION NOVEL MYSTERY YOUNG-ADULT-LITERATURE"
"1072","SCIENCE-FICTION SPECULATIVE-FICTION FICTION NOVEL"
"1073","SCIENCE-FICTION SPECULATIVE-FICTION FICTION HISTORICAL-NOVEL"
"1074","FICTION CHILDREN'S-LITERATURE YOUNG-ADULT-LITERATURE"
"1075","CHILDREN'S-LITERATURE"
"1076","FICTION NOVEL"
"1077","FICTION NOVEL"
"1078","SCIENCE-FICTION SPECULATIVE-FICTION"
"1079","FICTION NOVEL CHILDREN'S-LITERATURE YOUNG-ADULT-LITERATURE"
"1080","FICTION NOVEL MYSTERY CRIME-FICTION"
"1081","FICTION NOVEL"
"1082","SCIENCE-FICTION SPECULATIVE-FICTION"
"1083","FICTION NOVEL CRIME-FICTION"
"1084","SCIENCE-FICTION SPECULATIVE-FICTION"
"1085","SPECULATIVE-FICTION FICTION NOVEL"
"1086","SPECULATIVE-FICTION FICTION NOVEL"
"1087","SPECULATIVE-FICTION FICTION FANTASY"
"1088","FICTION NOVEL"
"1089","FICTION NOVEL"
"1090","FICTION NOVEL MYSTERY CRIME-FICTION"
"1091","SCIENCE-FICTION SPECULATIVE-FICTION"
"1092","FICTION NOVEL HISTORICAL-NOVEL"
"1093","FICTION NOVEL"
"1094","FICTION NOVEL"
"1095","FICTION NOVEL CRIME-FICTION"
"1096","CHILDREN'S-LITERATURE"
"1097","SPECULATIVE-FICTION FICTION CHILDREN'S-LITERATURE MYSTERY HORROR"
"1098","SCIENCE-FICTION SPECULATIVE-FICTION CRIME-FICTION"
"1099","SPECULATIVE-FICTION FANTASY CHILDREN'S-LITERATURE"
"1100","SPECULATIVE-FICTION FANTASY CHILDREN'S-LITERATURE"
"1101","SCIENCE-FICTION SPECULATIVE-FICTION"
"1102","FICTION NOVEL MYSTERY CRIME-FICTION"
"1103","CHILDREN'S-LITERATURE YOUNG-ADULT-LITERATURE"
"1104","FICTION NOVEL MYSTERY CRIME-FICTION"
"1105","CHILDREN'S-LITERATURE YOUNG-ADULT-LITERATURE"
"1106","FICTION NOVEL MYSTERY CRIME-FICTION"
"1107","SPECULATIVE-FICTION FICTION CHILDREN'S-LITERATURE"
"1108","SPECULATIVE-FICTION FICTION HORROR"
"1109","SPECULATIVE-FICTION FICTION FANTASY"
"1110","FICTION NOVEL HISTORICAL-NOVEL"
"1111","SPECULATIVE-FICTION FANTASY CHILDREN'S-LITERATURE"
"1112","SPECULATIVE-FICTION FANTASY CHILDREN'S-LITERATURE"
"1113","SPECULATIVE-FICTION FANTASY"
"1114","SPECULATIVE-FICTION FICTION NOVEL"
"1115","NOVEL"
"1116","FICTION NOVEL CHILDREN'S-LITERATURE YOUNG-ADULT-LITERATURE"
"1117","SPECULATIVE-FICTION FICTION CHILDREN'S-LITERATURE MYSTERY"
"1118","SPECULATIVE-FICTION FICTION NOVEL YOUNG-ADULT-LITERATURE"
"1119","FICTION NOVEL CHILDREN'S-LITERATURE HISTORICAL-NOVEL"
"1120","FICTION NOVEL MYSTERY CRIME-FICTION"
"1121","FICTION NOVEL"
"1122","FICTION NOVEL"
"1123","SCIENCE-FICTION SPECULATIVE-FICTION FICTION"
"1124","SCIENCE-FICTION SPECULATIVE-FICTION FANTASY"
"1125","SPECULATIVE-FICTION FANTASY"
"1126","CHILDREN'S-LITERATURE"
"1127","SCIENCE-FICTION SPECULATIVE-FICTION FICTION NOVEL"
"1128","SPECULATIVE-FICTION FANTASY"
"1129","FICTION NOVEL MYSTERY"
"1130","FICTION MYSTERY CRIME-FICTION"
"1131","FICTION NOVEL MYSTERY"
"1132","SCIENCE-FICTION SPECULATIVE-FICTION FICTION CHILDREN'S-LITERATURE"
"1133","SCIENCE-FICTION SPECULATIVE-FICTION"
"1134","FICTION CHILDREN'S-LITERATURE YOUNG-ADULT-LITERATURE"
"1135","FICTION NON-FICTION"
"1136","FICTION MYSTERY SUSPENSE CRIME-FICTION"
"1137","SCIENCE-FICTION SPECULATIVE-FICTION"
"1138","FICTION NOVEL CHILDREN'S-LITERATURE YOUNG-ADULT-LITERATURE"
"1139","SPECULATIVE-FICTION FICTION NOVEL CHILDREN'S-LITERATURE"
"1140","FICTION NOVEL"
"1141","SCIENCE-FICTION SPECULATIVE-FICTION"
"1142","SPECULATIVE-FICTION FICTION"
"1143","SCIENCE-FICTION SPECULATIVE-FICTION FICTION"
"1144","SPECULATIVE-FICTION FICTION CHILDREN'S-LITERATURE"
"1145","FICTION NOVEL"
"1146","FICTION NOVEL HISTORICAL-NOVEL"
"1147","FICTION CHILDREN'S-LITERATURE"
"1148","SCIENCE-FICTION SPECULATIVE-FICTION FICTION FANTASY"
"1149","FICTION NOVEL MYSTERY SUSPENSE CRIME-FICTION"
"1150","SPECULATIVE-FICTION FICTION FANTASY"
"1151","SPECULATIVE-FICTION FICTION NOVEL FANTASY YOUNG-ADULT-LITERATURE"
"1152","SPECULATIVE-FICTION FANTASY CHILDREN'S-LITERATURE"
"1153","FICTION NOVEL CHILDREN'S-LITERATURE"
"1154","ADVENTURE-NOVEL SPY-FICTION"
"1155","FICTION NOVEL"
"1156","NOVEL HISTORICAL-NOVEL"
"1157","SPECULATIVE-FICTION FICTION NOVEL MYSTERY THRILLER"
"1158","FANTASY CHILDREN'S-LITERATURE"
"1159","SPECULATIVE-FICTION FANTASY"
"1160","FICTION NOVEL CHILDREN'S-LITERATURE"
"1161","SCIENCE-FICTION SPECULATIVE-FICTION FANTASY"
"1162","FICTION NOVEL"
"1163","FICTION SPY-FICTION THRILLER HISTORICAL-NOVEL"
"1164","FICTION NOVEL MYSTERY"
"1165","SPECULATIVE-FICTION FICTION CHILDREN'S-LITERATURE YOUNG-ADULT-LITERATURE"
"1166","FICTION NOVEL"
"1167","FICTION NOVEL HISTORICAL-FICTION WAR-NOVEL HISTORICAL-NOVEL"
"1168","NOVEL NON-FICTION"
"1169","SPECULATIVE-FICTION FANTASY"
"1170","FICTION FANTASY CHILDREN'S-LITERATURE"
"1171","FICTION NOVEL"
"1172","SCIENCE-FICTION SPECULATIVE-FICTION"
"1173","CHILDREN'S-LITERATURE"
"1174","MYSTERY DETECTIVE-FICTION CRIME-FICTION"
"1175","SCIENCE-FICTION SPECULATIVE-FICTION"
"1176","NOVEL"
"1177","SCIENCE-FICTION SPECULATIVE-FICTION"
"1178","SPECULATIVE-FICTION FICTION NOVEL"
"1179","FICTION NOVEL MYSTERY CRIME-FICTION"
"1180","FICTION NOVEL CHILDREN'S-LITERATURE MYSTERY THRILLER CRIME-FICTION YOUNG-ADULT-LITERATURE"
"1181","SCIENCE-FICTION SPECULATIVE-FICTION"
"1182","SPECULATIVE-FICTION FANTASY MYSTERY"
"1183","SCIENCE-FICTION SPECULATIVE-FICTION"
"1184","SCIENCE-FICTION SPECULATIVE-FICTION NOVEL"
"1185","SCIENCE-FICTION SPECULATIVE-FICTION"
"1186","FICTION NOVEL"
"1187","SPECULATIVE-FICTION FANTASY"
"1188","FICTION THRILLER CRIME-FICTION"
"1189","SCIENCE-FICTION SPECULATIVE-FICTION"
"1190","SCIENCE-FICTION"
"1191","FICTION MYSTERY DETECTIVE-FICTION CRIME-FICTION"
"1192","SPECULATIVE-FICTION FANTASY CHILDREN'S-LITERATURE"
"1193","NOVEL"
"1194","SCIENCE-FICTION SPECULATIVE-FICTION FICTION NOVEL"
"1195","FICTION NOVEL"
"1196","SPECULATIVE-FICTION FANTASY"
"1197","SCIENCE-FICTION SPECULATIVE-FICTION"
"1198","SPECULATIVE-FICTION FICTION FANTASY CHILDREN'S-LITERATURE MYSTERY"
"1199","SCIENCE-FICTION SPECULATIVE-FICTION NOVEL"
"1200","SPECULATIVE-FICTION FANTASY"
"1201","SPECULATIVE-FICTION FICTION NOVEL FANTASY"
"1202","NON-FICTION"
"1203","SPECULATIVE-FICTION FICTION FANTASY"
"1204","SPECULATIVE-FICTION FICTION FANTASY"
"1205","FICTION HISTORICAL-FICTION HISTORICAL-NOVEL"
"1206","SCIENCE-FICTION SPECULATIVE-FICTION"
"1207","FICTION NOVEL MYSTERY SUSPENSE"
"1208","FICTION NOVEL CHILDREN'S-LITERATURE"
"1209","SPECULATIVE-FICTION FANTASY"
"1210","NOVEL"
"1211","SCIENCE-FICTION SPECULATIVE-FICTION"
"1212","SPECULATIVE-FICTION FICTION NOVEL YOUNG-ADULT-LITERATURE"
"1213","NOVEL"
"1214","FICTION CHILDREN'S-LITERATURE MYSTERY DETECTIVE-FICTION YOUNG-ADULT-LITERATURE"
"1215","CHILDREN'S-LITERATURE YOUNG-ADULT-LITERATURE"
"1216","NON-FICTION"
"1217","SCIENCE-FICTION SPECULATIVE-FICTION"
"1218","SPECULATIVE-FICTION FICTION NOVEL"
"1219","FICTION NOVEL"
"1220","SPECULATIVE-FICTION FICTION MYSTERY"
"1221","SCIENCE-FICTION SPECULATIVE-FICTION FICTION HORROR"
"1222","SPECULATIVE-FICTION FICTION HISTORICAL-NOVEL"
"1223","SPECULATIVE-FICTION FANTASY"
"1224","SPECULATIVE-FICTION FANTASY"
"1225","SPECULATIVE-FICTION FICTION NOVEL THRILLER"
"1226","SPECULATIVE-FICTION FICTION NOVEL MYSTERY THRILLER"
"1227","SPECULATIVE-FICTION FANTASY CHILDREN'S-LITERATURE"
"1228","FICTION NOVEL MYSTERY"
"1229","FICTION MYSTERY SUSPENSE CRIME-FICTION"
"1230","NOVEL AUTOBIOGRAPHY"
"1231","SPECULATIVE-FICTION FICTION FANTASY CHILDREN'S-LITERATURE"
"1232","FICTION NOVEL HISTORICAL-NOVEL"
"1233","FICTION MYSTERY SPY-FICTION THRILLER"
